duration_group,number_of_tracks,average_popularity
Medium (3-4 min),51941,30.62671107602857
Long (>4 min),41484,29.157096711985343
Short (<3 min),43951,28.022388569088303
