artist_name,number_of_top_tracks,average_danceability
Various Artists,492,0.8535487804878048
Future,231,0.8655367965367965
Prince,226,0.8644690265486726
Migos,209,0.879311004784689
Eminem,205,0.8714146341463413
Tyga,188,0.8798297872340425
Gunna,182,0.8725934065934067
2Pac,182,0.8646923076923076
Snoop Dogg,180,0.8596944444444444
Young Thug,155,0.8853612903225806
